barcode	celltype
AAACGAAGTGACAAGC	OGC
AAACGAATCGGATGTT	OGC
AAACTCGCACTCCCAT	OPC
AAACTCGGTCCGAGCT	OPC
AAACTGCGTGATGCGA	OGC
AAAGGATCAACCTCTC	OPC
AAAGGGCGTATCACAC	OGC
AACAGTCGTATGGGTG	ASC
AACAGTCGTGAAACAT	OPC
AACATCGAGCTGCTCG	OGC
AACATCGAGTCCGGAA	OGC
AACCGATGTCAACAGG	OGC
AACCTGAAGACTTGAA	OPC
AACCTGAAGGCGCTTC	ASC
AACCTTTAGAAATCTG	ASC
AACGAGGAGTAATGTG	OPC
AACGGGATCTGATCCC	OGC
AACGTACAGATCGATA	OPC
AACTGGTGTCTCTAAG	OGC
AACTTGGAGAAAGGGT	OGC
AAGATAGAGATCACCT	OPC
AAGGAGCGTACTATGC	OGC
AAGGTTCTCGATTACG	OGC
ACGTTAGAGATCTAAG	OGC
ACGTTAGTCAAAGTAG	OPC
ACTAACGAGTCTCTAG	ASC
ACTACCCCAGGCATCC	OGC
ACTACGACACCACCAG	ASC
ACTATTCTCCTATCCG	OGC
ACTATTCTCTGAAAGA	ASC
ACTCGGGGTCCCTAAA	OGC
ACTGTCCGTAAACGGC	OGC
ACTGTCCGTGGCGCTT	OGC
ACTGTCCGTTCACGTA	OGC
ACTTCCGGTCATTGGT	OGC
ACTTCCGGTCTGGGCT	OPC
ACTTCCGGTGATAGAT	OGC
ACTTCCGTCTATATCC	OPC
ACTTTCACAAATTGAG	OGC
AGATTCGCAAGTAACA	OGC
AGATTCGGTCGTAGTT	OPC
AGATTCGTCCAAGAGG	OPC
AGCCAGCCAAAGCATA	OPC
AGCCAGCGTCCGTCGA	OPC
AGCCCGAGTGGACAGT	OPC
AGCCGCAAGTGTCGGA	OGC
AGCCGCAGTGGAGTGT	OGC
AGCCGCATCCTCCCAA	OGC
AGCCTGGCACGCGTTG	ASC
AGCCTGGGTAAAGCTA	OGC
AGCGTATCATGGCCCA	OPC
AGCGTGCCACTAAACC	OPC
AGCGTGCGTTGGTAAA	OGC
AGCTATGCATCGCCTT	OGC
AGCTGTACATACCCGG	OGC
AGGCCCAAGGGCTCTC	OPC
AGGCCTGAGGCACCTC	OPC
AGGCCTGTCTATCTAC	ASC
AGGCGAAAGAGGCCTA	ASC
AGGCGAAGTACTATGC	OPC
AGTCAACAGTCAGCCC	ASC
AGTCCGGGTTAGCTCA	OPC
AGTGCGCAGTCTGGGA	OPC
AGTGCGCGTATCATGC	OPC
AGTTACGAGCTAACAA	OGC
ATAGGCTGTGAGTCGA	OGC
ATAGGCTTCGGGACAA	OGC
ATAGGCTTCTGTTGCC	OGC
ATAGTCGTCACCGCGA	OGC
ATATTCCAGCTGAATA	OGC
ATATTCCTCTTCTCTC	OGC
ATCCAGATCGCTAGTA	OGC
ATCCCTGTCCATTGTT	OPC
ATCGAGTCAATTAGGA	OGC
ATGCATGTCGATAGCT	OGC
ATGTACGAGCTCCATA	ASC
ATGTCTTGTTAACTCG	OGC
ATGTCTTTCAAGGCCC	OGC
ATGTTTCAGCGCACAA	OPC
ATTACCTAGAAACGCC	OPC
ATTACCTAGAGAAGCA	OGC
ATTACCTTCGAACACT	OPC
ATTACCTTCTCGCGGA	OPC
ATTACTCAGAGGTACC	OPC
ATTCGTTCAACGTCCG	OPC
ATTGTGGGTGGACTGA	OGC
ATTTGTCTCGGTCCGA	OGC
CAAAGCTGTAAGCCTT	OGC
CAACCAAGTCTAAGAA	OGC
CAACGTAGTAAAGGCC	OGC
CAACGTAGTAGGTAAT	OGC
CAACGTATCCACTAGA	OPC
CAAGAAATCAGAACGG	OGC
CAAGGCCCATGGTATC	ASC
CAATCCCCACCAAGGA	ASC
CACAACAAGGTTGTGG	OGC
CACAGATAGTAGAAGG	OGC
CACAGATGTATTGTCG	OPC
CACATGATCTTTCGAT	OGC
CACCTGTCAAGACACG	OGC
CACCTGTGTTGCCGCA	OPC
CACCTGTTCAGCACTA	OGC
CACGTTCGTTCCTGTC	OPC
CACGTTCTCCCTACCA	OPC
CACTAAGAGACACTTC	OGC
CACTAAGGTACGGTTT	OGC
CAGCTAAAGTCACACT	OGC
CAGCTGGAGTACAGAT	OGC
CAGGATTTCGCAAGCC	ASC
CAGGGCTCATAGGCGA	OPC
CAGTATGAGTAGTTCC	OPC
CAGTATGGTGTCGTGC	OGC
CAGTATGTCTTCCGTG	OGC
CAGTGCGAGATGCGAC	OPC
CATAACGCATTCGTCC	OGC
CATGCCTCACATTCTT	OGC
CATGTTTCAAGCAGGT	OPC
CATTCCGGTGCTGTGC	OPC
CCAATGAAGGGAGTTC	OGC
CGATGATAGGCGTAGT	OGC
CGATGATCACGCGACT	ASC
CGCACAGAGTGTTCCA	OGC
CGCAGGTCATGCCTTC	OGC
CGCGCAAAGGGACGTT	ASC
CGCTAGGAGAAATTCG	OPC
CGCTATCTCTCATCCG	OPC
CGCTGGAAGTGTCGCC	OGC
CGGACCATCTGTGTGA	OPC
CGGACTGGTGTCGGTC	ASC
CGGTGCAAGCTGAATA	OGC
CGTGGCACACACGGTC	OPC
CGTGGCATCGATAGTC	OPC
CTACAGACAGATTTGC	ASC
CTACAGACAGGTAGGT	OGC
CTACAGAGTACGGAGT	OGC
CTACTTACATGGCCTG	OPC
CTAGCGGGTACCGGCT	ASC
CTAGGATGTGCTTGAT	OGC
CTAGGATTCGACCCGA	OGC
CTAGGGCCATGCGACC	OGC
CTCAACCCATGTGGGA	OPC
CTCAACCGTCAACAGG	OGC
CTCACCACATAGCCGC	OGC
CTCAGAACAAGCGAAC	OPC
CTCCCAAGTCATAGCT	OGC
CTCCCAAGTTAGGCTT	OPC
CTCCCAAGTTGAATAG	OPC
CTCTACGCATCTCACC	ASC
CTCTACGTCGAGGTAG	OPC
CTCTCAGCACCTACCT	OPC
CTCTCGAGTGTGTGCC	OGC
CTGAATGAGCTGGAGT	OPC
CTGAATGCAGCAAACG	ASC
CTGAATGGTGCATTGT	OGC
CTGCTCACAGATAAGT	OGC
CTGGGACAGTGCAACG	ASC
CTGGGACGTCTGGTTA	OGC
CTGTATTGTAACTGAA	ASC
CTGTTCGCAAGTTGCT	OPC
CTTCCAGTCGGTCTAA	OGC
CTTCTAAGTCCGAGCT	OPC
CTTGAAGGTGTCGTGC	OGC
CTTGAAGTCGTCCCAT	OGC
CTTGCCAAGTACGCGA	ASC
CTTGCCACATCCCTCA	OGC
CTTGTCGCACGAACGA	OGC
CTTTGCGAGAGCTGTG	OGC
GAAACAAGTTGCAGCC	OGC
GAAAGTAAGATCGCCC	OGC
GAAAGTACACCTGGTG	ASC
GAAAGTATCCGTCAAA	OPC
GAACCGCCATAGCAGG	OGC
GAACGTTGTTGCTTGA	ASC
GAACTTGGTCAAGACG	OPC
GAATCTGGTGAATGTA	ASC
GACCAATTCCATACGA	OPC
GACCCAGCAAATTCCG	OGC
GACCTTCAGAGAACCC	OGC
GACCTTCCAAGAGCGT	ASC
GACTAACCAATGATGA	OGC
GACTAGTAGTCGTGAG	OPC
GAGACTTAGTATACGA	OGC
GAGCATTCATCACAAC	ASC
GAGGATGCAAACTACC	OPC
GATGATCTCTTTCGAT	OPC
GATTGACCAAGACACG	OGC
GATTGACCACAGATGG	OPC
GCACGCAAGTATAGTG	OPC
GCACGCAAGTTTGGAA	OPC
GCACGCACACGTTAGT	OGC
GCACGCATCATGCTTT	OGC
GCAGATTGTAACGGTG	OPC
GCAGATTGTCAGTGCC	ASC
GCATGATGTAGCAGCA	ASC
GCCAGACCAAACCTAC	ASC
GCCATAAAGATCCGAG	OGC
GCCTACTCAGGCATCC	OGC
GCCTAGGAGCAATAAC	OGC
GCCTAGGAGTGTAATG	OGC
GCGAGAATCAGGAAGC	ASC
GCGATCGAGCCATTCA	OPC
GCGCATGTCGATGAAA	OPC
GCGGAAAAGGCGATTG	OPC
GCGGAAAAGTGGACGT	OGC
GCGGGTTAGCTGCCAC	OGC
GCGTTGGCACTTTGGA	ASC
GCTCAGGTCGCATAAC	ASC
GCTCCTACAAAGCATA	OGC
GCTCCTAGTCTGGTCG	OGC
GCTGAGCTCCAAACCA	OGC
GCTGCGAGTGGATTTC	OGC
GCTGTTCGTGATCAGG	OGC
GCTGTTCTCGGTTGTA	ASC
GCTTAAGAGTTAGCAA	OPC
GCTTAAGTCTAGTCGA	OPC
GCTTGCTTCGACCCGA	OPC
GGAACTTCAGGCATCC	OPC
GGAACTTTCTCTATCA	OGC
GGAATCTGTCTGGATT	OGC
GGAGAACTCACTAGCA	ASC
GGAGGATGTTCCGCGA	OPC
GGAGTAGAGAAACGCC	OPC
GGAGTAGTCGAGGTAG	ASC
GGAGTAGTCTCGTAGA	OGC
GGATAGGTCGGATGTT	OGC
GGATGAGTCTATATCC	ASC
GGCATTAAGAGCCACA	OPC
GGCATTAGTCCGTGCA	OGC
GGCATTATCAGGGTTT	ASC
GGCGAAACAAAGGAAG	OPC
GGCGAAACATCCCGGA	OGC
GGCGAAAGTATCATGC	OPC
GGCGTTGCAATGTAAG	OPC
GGGACCTCAATGGCTT	ASC
GGGACCTTCCTCCAGT	OPC
GGGCCATAGGATATCA	OPC
GGGCCATGTATTCTTC	ASC
GGGTTATGTTTCGACA	OGC
GGGTTATTCGTTACAG	OGC
GGGTTATTCGTTCTAT	OGC
GGTACCGAGTTCAAGA	OGC
GGTAGGAAGAAGAGTG	OPC
GGTAGGAGTAGCAGCA	OPC
GGTCATAAGGAAGACA	OGC
GGTCATACACGATTAC	ASC
GGTGAAGCAAACCTAC	OPC
GGTGCTGAGTGATATG	OGC
GGTGCTGGTAACATAG	ASC
GGTGTCGAGGCTCCTG	ASC
GGTTGCGAGGTTGACG	ASC
GGTTGCGAGTCTCGAT	OGC
GTAATCGTCCTAAAGC	OPC
GTAATCGTCTCGACAA	OGC
GTACTTTAGTAGGTCG	OGC
GTAGTACAGTGTCGGA	ASC
GTCACAATCTCATCCG	OGC
GTCACGGCAACTTGGT	OGC
GTCACTCAGGACCGAT	OGC
GTCACTCTCAGAACGG	OGC
GTCGTAATCTTCGTTA	OGC
GTGACATTCGCGCCAA	OGC
GTGCACGAGAGTTTGA	OPC
GTGCACGCAAGCCAGA	ASC
GTGCCAGTCGAGTGTT	OGC
GTGGATTCATGGAGGT	OPC
GTGGCGTAGTGAAACT	OPC
GTGTCCTAGCCATCAT	ASC
GTGTGATGTATGGTTC	OPC
GTTACGAAGATCACCT	OGC
GTTACTTGTCTGATTG	ASC
GTTATGGAGCATGTGG	OPC
GTTATGGTCACTGGTA	OGC
GTTATTCTCCGAGAGA	OGC
GTTGGGCTCCTCCCAA	OGC
GTTGGTAAGTCTCCAA	ASC
GTTGGTACAAAGACGC	OPC
TAAACCGCAATCCATG	ASC
TAAACCGGTAGACGCA	OGC
TAACAGCAGAGTTCGG	OGC
TAACGGTTCTGGCTAA	OGC
TAAGTGCAGAACCATA	OPC
TACAGCAGTGCTGTGC	OGC
TACCTATAGACTCGGA	OPC
TACCTCGAGTTAGAGT	OGC
TACGCAAAGCTATCGT	OPC
TACGCCTTCGATCTTT	ASC
TACGGATTCAGTGGTT	OPC
TACTCGCAGTCGTATC	OGC
TACTGCCAGTGTCCCG	OPC
TACTGCCCATAGGCGA	OPC
TAGCACAAGGCCTCGT	OGC
TAGCACAAGTCGACCC	OGC
TAGCACACAAACCTAC	OPC
TAGCATGGTAAACGAT	ASC
TAGCCCTCAGGGTACA	ASC
TAGCCGGAGAAAGCAG	OPC
TAGGAGGAGCTAACAA	OGC
TAGGAGGAGGTCGTTT	ASC
TAGGTCAAGGGTGTTG	OGC
TAGGTCACACATTGCA	OGC
TAGGTGTAGTCTTAGC	OGC
TAGTCCCAGCCGCTGT	OPC
TAGTCCCTCTCCTTAA	OGC
TATCGAGAGTCACGCC	OPC
TATGTGGCAATGGTAA	OGC
TATGTTCGTATATGGA	OGC
TATGTTCGTTGCAGCC	ASC
TCAAAGCAGGGAAGCG	OPC
TCAAGACTCCATTGAG	OPC
TCAAGACTCTGGCCAG	OGC
TCAAGGTGTTACTTTC	ASC
TCAAGGTTCGCATAAC	OGC
TCAATTCCAAATGTCC	ASC
TCACAAGAGCGTGTTT	OPC
TCACCACCATCCCTTG	OPC
TCACCACCATGGTTTG	OGC
TCACCTGCAAGTCCTA	OGC
TCACCTGTCTGAGTCA	ASC
TCAGCTCTCCAGTACA	OGC
TCAGGGCAGGGTGTTG	OPC
TCCATCGCAAGCTTTG	OPC
TCCCACAAGAGAGTAG	OGC
TCCGACTGTGAGGTCA	OGC
TCGAGCGGTAGTAACA	OGC
TCGCAGGTCACTGATG	OGC
TCGCAGGTCGATGTGT	OPC
TCTAGTTAGGTTGACG	OPC
TCTAGTTTCCCAATGA	OGC
TCTCAGCAGCGTCAAG	ASC
TCTCAGCAGTTCGACT	OGC
TCTCTGGGTATCTCAG	OGC
TCTCTGGGTATGGGTG	OGC
TGACAACTCAGTGGTT	OPC
TGACTCCGTACGTAGG	OGC
TGAGCCGAGAGAGTTT	OPC
TGAGTCACAACGAGGT	OPC
TGATGCAGTCAAGACG	OGC
TGATGCATCGATGTGT	OPC
TGATTTCCAAGAGCGT	OPC
TGCATGAGTTCCCGGA	OGC
TGCATTTCAGGATAGC	OPC
TGCATTTGTAACTGAA	OGC
TGCCTCAGTGCGTAGA	OGC
TGCTATTCATGGTAAA	OGC
TGCTCACGTCGATAGG	OGC
TGCTTCGGTTCTCGAA	ASC
TGCTTCGTCCAACCTC	OPC
TGGAAGGAGACGAAAG	OPC
TGGACATGTGACCAGA	ASC
TGGCAATGTATGGGTG	OGC
TGGCGCACATTGCGAT	OGC
TGGGTTACAGGTCCTG	OGC
TGGGTTATCCGCTCTA	OPC
TGGTCAAAGTGATAAC	OGC
TGGTCAATCTAGCTGA	OGC
TGTACAGAGTAGTGTA	OGC
TGTACAGTCGCGATGC	OPC
TGTGACAAGTATCTGC	OPC
TGTGACAGTCCTTATT	OPC
TGTGACATCACGGGTC	OGC
TGTGGCGGTATCACAC	OGC
TGTGGCGGTGCCCTAG	OPC
TGTGGCGGTTAGGAGC	OGC
TGTGTCCAGTGGGACT	OGC
TGTTAGGCATTATGGC	OGC
TGTTAGGTCAAGTTGC	OPC
TTAACGGCATTGTGAC	OGC
TTAACGGTCTTCGTTA	OGC
TTACGGAGTGAATCAA	OPC
TTACGGAGTTTGCATG	OPC
TTACTCAGTAGCAGGT	OPC
TTAGCGAAGACGCCAA	OGC
TTAGCGAGTTCGGGAA	OGC
TTAGGTGGTTGGCTTA	OPC
TTATGTCCAATCACTG	ASC
TTATGTCGTCCCGTGA	OGC
TTCAACTTCACCACAA	OGC
TTCATTGCACTTACAG	OGC
TTCGATTGTCAAATCC	OGC
TTCGCGTAGGCATGCA	OPC
TTCGCGTAGTCCAGAG	ASC
TTCGCGTCACGCGATC	OGC
TTCGGTCTCGTATAGC	OGC
TTCGTTATCTCATCCG	OGC
TTCGTTATCTTAACGG	OGC
TTCTAACCAGCAGGTA	OPC
TTCTGTAAGAATCAAC	OGC
TTGACGAAGTCAGGAC	OPC
TTGACGACATAGACGG	OGC
TTGCACCCACATTGCA	OPC
TTGCAGAGTCCGGTAC	OGC
TTGCCCAGTCTGTTGA	ASC
TTGCCCATCGCCTTAC	ASC
TTGCGAAGTTTCGACA	OGC
TTGCGAATCCTTCGAC	ASC
TTGCGGGAGAACGTCG	OGC
TTGCTATGTCATTGGT	ASC
TTGGTCCCATAGTCCA	OPC
TTGTCTAGTGCGTTTA	ASC
TTGTTCAGTGCCCGAT	OPC
TTGTTGTTCTGGCTAA	ASC
TTTACGTGTTCTGAAC	OPC
TTTACGTTCTGAGTAC	OGC
TTTGAGGGTGGCGCTT	OPC
TTTGAGGTCTGCCGAG	OGC
TTTGCGCAGGAAGACA	ASC
TTTGGCCAGGGAAGCG	ASC
TTTGGCCTCCACACCT	OPC
AAACTCGCATCCATAG	ASC
AAACTGCGTGGTACTT	OGC
AAAGGATCACTCAGCG	OPC
AAAGGATTCCCAGTAA	OGC
AAAGGGCAGATCTAAG	OGC
AAAGGGCCACCCATCT	OPC
AAATGAGCAAATAGTG	ASC
AAATGAGCAGGTCCTG	ASC
AAATGAGTCTGACTTT	OGC
AAATGCCAGGTCCTCG	OPC
AAATGCCAGTACGCGA	OGC
AAATGCCGTTAAGGGC	OPC
AACAAAGGTAGACGCA	OPC
AACAAAGGTCATCAAC	OPC
AACAAAGGTCTGATTG	OGC
AACAAAGGTTATAGAG	OPC
AACAAAGTCGATCTTT	OPC
AACAGTCAGCATTCCA	OGC
AACATCGAGGTCTTTG	ASC
AACCAACAGTGTCGCC	ASC
AACCAACTCATTCTTG	ASC
AACCGATAGTTGGAAT	ASC
AACCGATCAAGACTTC	ASC
AACCTTTCATGTAGAA	ASC
AACGGGACACTCGGAC	OPC
AACGTACAGTCAGGAC	ASC
AACTGGTGTTGCCGCA	ASC
AACTGTGTCGATGTGT	ASC
AAGGTTCGTGGACCAA	OGC
AATGGAAGTTACGGAG	OGC
AATGGCTTCTACTTTG	OPC
AATGTCGGTCCAACCG	OPC
ACAAACCGTACAAATG	OPC
ACAAACCGTATCACAC	OGC
ACAAGCTCAAATAGTG	OPC
ACAATCGAGGAGACTC	OGC
ACAGAAAGTATGGGTG	OGC
ACAGAAAGTCCTTCAC	ASC
ACAGACTGTTCGGGAA	ASC
ACATGCAGTGCGCTCA	OGC
ACATGCAGTTGGCTTA	OGC
ACCAAACAGAGATTAC	OPC
ACCAAACCAGGCACAA	OPC
ACCATCCAGATGGCAC	ASC
ACCCAAAAGGCAAGGG	ASC
ACCCAAAGTAACGTAA	OGC
ACCCAAATCACCCTTG	OGC
ACCGAATCACCGAATT	OGC
ACCGGGTCATTAGCCA	OPC
ACCTGCTCAACAAACA	OPC
ACGGATTCAAGTTGCT	OPC
ACGGATTGTGATAAGT	OGC
ACGTGGCGTAAGGTCG	ASC
ACGTTAGGTCTAAGAA	OPC
ACTAACGTCGCACCTT	OPC
ACTACCCCACAAACGG	OGC
ACTACCCGTTTGCATG	OPC
ACTACGATCAAACCCA	OGC
ACTAGGTCACCACCAG	ASC
ACTATTCCACGCGACT	ASC
ACTCGGGAGGCCAGTA	OGC
ACTCGGGAGGGTAATT	OGC
ACTCGGGGTAGACACG	OGC
ACTGCAAGTCTAAGAA	OPC
ACTGTCCGTCAACTGT	ASC
ACTGTCCGTTGTGACT	OGC
ACTGTCCTCTCTTAAC	OPC
ACTTTCATCATTCTTG	OGC
AGATAGAAGCAAGGTC	OPC
AGATAGAAGCTCGTTA	OPC
AGATTCGGTGTCCCAG	OPC
AGATTCGTCATTCGGA	ASC
AGCCCGACATCCGTAA	ASC
AGCCGCACACCCTTTG	OGC
AGCCTCTAGGTTCGTT	OGC
AGCCTGGAGACACTTC	OPC
AGCCTGGCACCACAGC	OGC
AGCGATTAGATTCCGT	OGC
AGCGATTGTGCTTCCT	OPC
AGCGTATAGTAGACCG	ASC
AGCGTATGTATCGCGC	OPC
AGCGTATTCGGTTGTA	OPC
AGCGTGCAGGCAATTA	OPC
AGCGTGCCACGTTGTA	OGC
AGCTATGCAAAGCTGG	OGC
AGCTATGTCAGGGTTT	OGC
AGCTGATAGGCTCAGA	OPC
AGCTGGCAGGTACATA	OGC
AGCTGGCGTAATGCCT	OPC
AGCTGTACATGCTATG	OPC
AGCTGTATCGGGATCC	OGC
AGGACGACAGGCACAA	OPC
AGGCCCATCTACATCT	OPC
AGGCCTGCAGTAACGG	OGC
AGGCGAACAAAGGTCG	OGC
AGTCAACAGCTGAGGT	ASC
AGTGCGCAGCGTTGCC	ASC
AGTGCGCCAACGGGTA	OPC
AGTGCGCGTCAACGGA	ASC
AGTGTACCAATGCATC	OGC
ATAGGCTAGACAGCTG	OPC
ATAGTCGAGAACAGGA	ASC
ATAGTCGCAGCTGATT	OGC
ATAGTCGGTGCAAAGC	OPC
ATCCAGAAGGATGTAT	OPC
ATCCAGAGTCAATCCA	OGC
ATCCAGAGTGGTTCTA	ASC
ATCCTCGAGCTGAGGT	ASC
ATCCTCGGTTATAGAG	OPC
ATCCTGCCAATTGGCT	OPC
ATCCTGCGTCGAGGAT	OPC
ATCCTGCTCAGCCGGT	OPC
ATCGAGTCATCCGTAA	ASC
ATGGATCGTAGCGAGT	OPC
ATGTACGCAATGTGCT	OGC
ATGTACGGTTTCTCTA	ASC
ATGTCGAAGAGCCTGA	OGC
ATGTCTTAGCAGGAGG	OGC
ATGTCTTTCGCTAGTA	ASC
ATGTTTCGTCGACTGC	OPC
ATGTTTCTCCGCGATG	OGC
ATTCGTTCACAGCCAC	OGC
ATTGTCTGTTGAATAG	OGC
ATTTGTCGTCATAGCT	OGC
ATTTGTCGTGAGCTAG	OGC
CAAAGCTCATCGCTAA	OGC
CAACCAACAAGCAATA	OPC
CAACGGCCACATTGCA	OGC
CAACGGCCACTCGGAC	OGC
CAACGGCGTGATAACA	OPC
CAAGAAATCCCACTTG	OGC
CAAGCTAGTTGGCTAT	OPC
CAAGCTATCCGCTATC	OPC
CAAGGCCGTCAGCAAG	ASC
CAATCCCGTGTCTCGG	OPC
CAATCCCGTTCAGAAA	ASC
CACAACAAGATTACGA	OPC
CACAACATCCCAATGA	OPC
CACAGATCAGTAGTCT	OPC
CACAGATGTGTCCAGC	OPC
CACAGATTCTTCCACG	OPC
CACATGAAGACGCCAA	OGC
CACCACTCAATTGCCA	ASC
CACCACTGTGCCCAGT	OPC
CACCTGTTCGGTCTAA	OGC
CACGTTCAGAGATTAC	OPC
CACGTTCTCGCGTGAC	OPC
CACGTTCTCGTGGCGT	OPC
CACTAAGAGCATACCT	ASC
CACTAAGGTACGTAGG	ASC
CACTAAGTCGGGACAA	OPC
CAGCTAACAGTATCTG	OGC
CAGCTAAGTTCTGATG	OGC
CAGCTGGCAGTTCGGC	OGC
CAGGGCTTCCATGACA	ASC
CAGTATGCACAAGTGG	OPC
CAGTGCGTCTGTAGAC	OPC
CAGTGTAGTCGAGGAT	OPC
CAGTGTAGTCTAAGAA	OGC
CAGTGTATCTATCCTA	ASC
CATAACGAGTGATAAC	OPC
CATGCCTCAATACTGC	OGC
CATGCCTGTTTAGACC	OPC
CATTCATTCGGAGTTT	OPC
CATTCCGGTGATAACA	OGC
CCACAGGCAAGGCGTA	OPC
CCACAGGCACCATTCC	OPC
CCACAGGCACGCGCAT	OGC
CCACAGGGTCAGAAGC	OGC
CCACAGGGTTGCAGCC	OGC
CCAGAATGTGTGCTTA	OPC
CCCACATCATGGATGG	OGC
CCCACATCATTGTTCT	OPC
CCCAGAGGTATCCTTT	OGC
CCCTAGTAGAGCGAAA	OGC
CCCTAGTGTACGGTTT	ASC
CCCTCTCCAAAGAGAG	OPC
CCCTCTCCACCGAATT	OPC
CCGAAGCAGCCATGGA	OGC
CCGAAGCAGTGGTGTG	ASC
CCGTAGGTCATACTTC	ASC
CCGTGAGAGCAACTGG	OPC
CCGTGAGGTCATGAGG	OGC
CCTAAAGAGTGTTCCA	OPC
CCTCCCTCATCGCTAA	OPC
CCTGCTACAATGGCAG	OPC
CCTGGGATCATTCTCA	ASC
CGAGTTAAGGAGTCTG	OGC
CGAGTTAGTAACGTAA	OPC
CGAGTTATCTTGTCAT	OPC
CGCACAGAGAGCTGTG	OGC
CGCACAGAGATTAGAC	OPC
CGCACAGCAAACCCTA	OGC
CGCAGGTTCGAGGTCC	OGC
CGCGCAAGTGTTTCTT	OPC
CGCTAGGGTAAGTGCG	ASC
CGCTAGGTCGTCTTAT	OPC
CGCTATCAGGATCCTT	OPC
CGCTATCTCGGTTAGT	OGC
CGCTGGAAGACCTATC	OPC
CGCTGGAGTGCGCATC	OGC
CGCTGGAGTTTAAGGA	OPC
CGCTGGAGTTTAGAAG	ASC
CGGACCAAGTAGTGTA	OPC
CGGACCATCAGTACAC	OPC
CGGTGCAGTGAGTTGG	ASC
CGGTGCATCTCGCGTT	OPC
CGTACAACAGGTAGCA	ASC
CGTACAAGTGAGAGTC	OPC
CGTGGCAAGATGTTCC	OPC
CGTGGCAAGATTACGA	ASC
CTAACTTAGTGTCACT	ASC
CTAACTTGTCGAGGAT	ASC
CTACAGAGTGGACGAT	ASC
CTAGCGGAGGTCTTTG	OGC
CTAGCGGTCCACGCTT	ASC
CTCAACCCAAGCCTTA	OGC
CTCAACCCATTAGCCA	OGC
CTCAACCGTCTCTGGG	OGC
CTCACCAAGAGAATTC	OGC
CTCACCATCGGGCTCA	OGC
CTCAGAAAGTTAGCGG	OGC
CTCAGAAGTCTGGGCT	OPC
CTCAGCTAGCTCGGCT	OPC
CTCAGCTCAGGCAAGT	OPC
CTCATGCAGATATGTG	OGC
CTCATGCCATCATGTG	OPC
CTCATGCTCGTGGAAG	OGC
CTCCCAACAAGGAGTC	OPC
CTCGCTAGTGATGCTT	OGC
CTCTACGCATCGCTAA	OGC
CTCTACGTCGAGTTAC	OPC
CTCTCAGCATGGGACA	OPC
CTCTCAGGTATCTGCA	OPC
CTCTCAGTCCAGTACA	OPC
CTGAATGAGCAGAAAG	OGC
CTGAATGGTAACAATG	OGC
CTGAATGGTTCTTAGG	OPC
CTGCTCAGTATTCGAC	OPC
CTGGCAGGTCTAAAGA	OPC
CTGTATTAGCACACCC	OPC
CTTCCAGCAAAGAAGG	OPC
CTTCTAAAGAACTAAC	OGC
CTTCTAAAGTTCGACT	OPC
CTTCTAAGTATGGATA	OGC
CTTCTAATCCCGTATC	OPC
CTTGAAGAGGGAAATG	OPC
CTTGAAGAGTTAGCAA	OGC
CTTGCTGGTTTGCCCT	ASC
CTTGTCGCACTGAAGG	OPC
GAAACAATCCCAATAG	OPC
GAAAGTACAAGCCCTG	OPC
GAAATGAAGAAAGGGT	ASC
GAACCGCCAGTAGGCA	OGC
GAACCTACATCCCGGA	OPC
GAACGTTGTAGGTCTT	OPC
GAACTTGTCGAGGTCC	OPC
GAAGAGCGTTGGCTTA	ASC
GAAGTCTCATCAGCTA	OPC
GAAGTGGGTTGGAGGT	OPC
GAATCTGAGCTGAAAT	OGC
GAATCTGGTCCAGACC	ASC
GACCAATAGGGTATCG	OPC
GACCAATGTCTCAAAC	OGC
GACCGACTCATCGCTC	OGC
GACTAACCAGGGCTTC	OPC
GACTAGTGTGAGTCGA	OGC
GAGATTCCACTTACAG	OGC
GAGCATTGTTGAATAG	OGC
GAGCGCTTCACAGGGA	ASC
GAGGTCCAGTGAGTTA	ASC
GAGTGAGAGTGCAACG	ASC
GATCGTAGTGCTGAAG	OPC
GATCGTATCCATAACG	OPC
GATGATCAGGCATGCA	OPC
GATGGCCCATATAGAG	OGC
GATTAGCGTTACCCAA	OPC
GATTAGCTCTGGCCAG	OPC
GATTGACCACATGATC	OPC
GCACCTTGTGCGTAGA	OPC
GCACCTTGTGTCCAGC	OPC
GCACCTTTCGACTATG	OPC
GCACGCACAAATGCTC	OPC
GCACGGTCAAACGTTC	OGC
GCACGGTGTTGTATCG	OPC
GCAGCCAAGATATGTG	OGC
GCATGATAGTAATGTG	OGC
GCATGATAGTGTGTAA	OPC
GCATTCCAGACCCTAT	OPC
GCATTCCAGTGGTGTG	OGC
GCATTCCCACCTGTGG	OGC
GCATTGATCATTGCCC	OPC
GCCAGACGTATGCTAC	ASC
GCCAGCAGTCACATTG	OPC
GCCAGCATCTTAATCC	OGC
GCCATAAAGCGTAGCA	OGC
GCCCAGACAAGAAACT	OPC
GCCCAGACATAGACGG	OGC
GCCCAGATCATGTTCT	OGC
GCCCGAAAGACAGCTG	OPC
GCCCGAACATCATGTG	ASC
GCCTACTTCTTAGTGG	ASC
GCCTAGGCAACATAAG	OGC
GCCTAGGTCCTAAGTG	OPC
GCGAGAAGTCTGGGCT	OPC
GCGAGTCAGCGTCAAG	OPC
GCGAGTCGTACGACCC	OPC
GCGAGTCGTTAGAGAT	OPC
GCGCCAATCATCGCTC	OGC
GCGTAGCCAATTGTGC	OGC
GCTCACTTCAATGCAC	OGC
GCTCGAGCAAACAGTA	OPC
GCTGAGCCAAGGTTCT	OGC
GCTGAGCCAGGTAGCA	OGC
GCTGAGCGTGCTTACA	OPC
GCTGAGCTCCCTATTA	OGC
GCTGCGAGTGCCAAGA	OGC
GCTGCGATCTCGACCT	OPC
GCTTAAGAGAACCCGA	OPC
GCTTAAGCAGCAACGA	OGC
GCTTGCTGTTCCCTTG	OPC
GCTTTCGGTTAACCGT	OGC
GGAACCCAGAGGAACA	OPC
GGAACTTAGTTATGAG	OGC
GGAACTTTCAATCGTG	ASC
GGACACCAGGCGTAGT	OPC
GGAGGATGTTGGCTAT	OPC
GGCGAAAGTGCACCCA	OPC
GGCGAAATCACATCCC	OPC
GGCGTTGTCGGATAAA	OGC
GGGAACACAACGAGGT	OGC
GGGAACACACGGCCAT	OGC
GGGAACATCTCTGTTA	ASC
GGGTCTGCAGAGCCAA	OPC
GGGTGTCGTAACATAG	OGC
GGGTTATAGAAAGGGT	ASC
GGTAGGAAGCATTGGG	ASC
GGTAGGAGTAGTCCAT	ASC
GGTAGGAGTGTGCTTA	OGC
GGTCATATCCATCATT	OGC
GGTCATATCTTCGTTA	OPC
GGTGTCGGTCGAGAAC	ASC
GGTTGCGAGTAGCAAT	OPC
GTACTTTCAGACCTGC	OGC
GTAGACTGTCACATTG	ASC
GTCACAAGTAACGGCA	OGC
GTCACAAGTGCGTCCA	OGC
GTCACCTAGAGGAACA	OPC
GTCACCTGTACGCAAG	OPC
GTCACCTTCATTCTCA	OPC
GTCACTCTCGTGAGTT	OPC
GTCCATCTCTTGGCCT	ASC
GTCTACCGTAGCAGGT	OPC
GTCTACCGTTCTGATG	OGC
GTGCCAGAGACTTCCA	OGC
GTGCCAGAGTCGAAAT	OPC
GTGCCAGCACTACACA	OGC
GTGCTGGAGGTTGACG	OPC
GTGGCGTAGCCTCGCA	OPC
GTGTCAAAGGCAGTGT	OGC
GTGTGATAGTGTAATG	ASC
GTGTGATAGTTTGGAA	OPC
GTGTGATCACTAGGAG	OPC
GTGTGATCAGCGTAGA	OGC
GTTACGATCCACACCT	ASC
GTTACTTAGGCGCTTC	OPC
GTTATGGCAGGTGTCC	OGC
GTTATTCGTTCGGGAA	OGC
GTTGGTAAGCGCGTTC	OGC
TAAACCGAGTGAGCAC	OGC
TAACGGTCAACGTAGG	OPC
TAAGCCAAGGATTGCG	ASC
TAAGCCAAGTGAAACT	OGC
TAAGCCAAGTGTCACT	ASC
TAAGCCACACTGGGCT	ASC
TAAGCCACAGTAAGCG	OPC
TAAGCCAGTGATAACA	OPC
TAAGTGCCAAGTTCGT	OPC
TAATCGGAGTTGAATG	OGC
TAATCGGGTGGACTGA	ASC
TAATTCCCATCCCAAA	OGC
TACAGCAAGATGAGGA	ASC
TACAGCAAGTTAGCAA	OPC
TACATTCAGAGAGGTA	OGC
TACATTCAGGAACCGT	OGC
TACCCTGAGATCCGAG	OPC
TACCTATCACAGCTTA	OPC
TACGCAACAATGCATC	OGC
TACGGATCACTAGCCG	OPC
TACTAGGTCGCCAGAC	OGC
TAGCACAAGTGTCCCG	OPC
TAGCACACAGTAACCT	OPC
TAGCACACATAGATAG	OPC
TAGCATGGTAGATGAT	OGC
TAGCATGGTGCGTCCA	OPC
TAGCCCTCATCAACTG	OGC
TAGCCCTGTAGTAACA	OPC
TAGCCCTTCGATGCAT	OPC
TAGCCGGGTGAGAGTC	OPC
TAGCCGGTCCAGAATC	OGC
TAGGTCAAGTCTAGAA	OGC
TAGGTCACAAAGAAGG	OPC
TAGGTCACATCGACGC	OGC
TATGTGGCATCCCAAA	OGC
TATGTGGTCACCCTTG	OGC
TATGTGGTCTTTCGAT	ASC
TATTGCTAGAGCCTGA	OPC
TCAAGACAGATTACGA	OPC
TCAAGCACACGCGCAT	OGC
TCAAGCATCTGAGTCA	OGC
TCACAAGTCAACTTGG	OGC
TCACAGAAGCCATTCA	OPC
TCACCACGTGGACCAA	OGC
TCACCTGAGTTGAATG	OGC
TCACCTGCAGTTCGGC	OPC
TCACTCGGTACGACCC	OPC
TCACTCGGTTGAATAG	OGC
TCAGGTAAGCAATGTA	OGC
TCAGGTAAGCCGCAAA	ASC
TCAGGTATCTTGTGCC	OPC
TCAGTTTGTCTGGTCG	OPC
TCAGTTTTCTCGTAGA	ASC
TCCATCGGTAGTCCAT	OPC
TCCATCGTCTTCATAC	OPC
TCCGACTCAGGTGTGA	ASC
TCGCCTAGTGGATTCT	ASC
TCGGGACAGCAATGTA	OPC
TCGGGACAGGGTTCTT	OPC
TCGGGACCAACGTCGC	OPC
TCGGGACGTAACATAG	OPC
TCGTTCGAGCACGTAG	ASC
TCTATTGTCGCACCTT	ASC
TCTCAGCGTGATAGAT	ASC
TCTCAGCTCGTTCCGT	OGC
TCTCAGCTCTCCTTGG	OPC
TGAATCGCAATGTGCT	OPC
TGACAACTCGGCATAT	OPC
TGAGCCGAGCTCCGGT	OGC
TGAGTCAAGTGAGTGC	ASC
TGAGTCAGTCGTAGTT	ASC
TGATCAGCATAGTCCA	OGC
TGCACCTTCGGGACAA	OPC
TGCATGAAGTGTTCCA	OPC
TGCATGACAATCAGGG	OPC
TGCCTCATCACTAGCA	OGC
TGCCTGTTCGGGATCC	OGC
TGCGTAAAGCAACGGT	OGC
TGCTATTCATAGAATG	OGC
TGCTCGTAGACTCTTG	ASC
TGGAAGGTCGATATGC	OGC
TGGCCTTAGGCAAGGG	OPC
TGGCCTTAGGGAGATA	ASC
TGGCGCAGTAACGGAC	OGC
TGGCGCATCGACTGGC	OGC
TGGCGCATCTTAACGG	OGC
TGGGTGCGTGTCTACA	OPC
TGGGTGCTCCTAAAGC	OPC
TGGGTTAAGTGTAATG	OPC
TGGGTTATCGGGCTCA	OGC
TGGTCAAAGGGACGTT	ASC
TGGTCAACATCCCAAA	ASC
TGGTCAAGTTCTCGAA	OGC
TGGTCCTCAAGCGACA	OPC
TGTAAGCTCATTCGGA	OGC
TGTACAGGTGCACCCA	OPC
TGTACGAAGACGACTG	OPC
TGTGACATCACGATTG	OGC
TGTGGCGCATGGGTGA	OPC
TGTGTCCGTAAACGAT	OPC
TTAACGGCACTTATGG	OGC
TTAACGGGTTTCTCTA	ASC
TTAACGGTCCTAAAGC	OPC
TTACCCGCAAGAGCGT	OGC
TTACCGCCATTACACG	OPC
TTACGGATCACACGTA	OPC
TTACTCACAAGGAACC	OPC
TTAGCGAAGAGCGGTT	OGC
TTAGCGATCCATAACG	OGC
TTAGCGATCGTTGTTT	ASC
TTAGCTTAGCGGACTA	OGC
TTAGCTTGTGCTTACA	ASC
TTATGTCGTGTTGTTG	OGC
TTATGTCTCATTCATC	ASC
TTCAACTCAAGGTTCT	OPC
TTCAACTGTTCCCGGA	ASC
TTCATCAAGTGAAACT	OPC
TTCGATTTCTTTATCG	OPC
TTCGCGTAGAGCTCCC	ASC
TTCGCGTCAACCTCTC	OGC
TTCGCGTGTACATGGG	ASC
TTCGCGTTCCATCGAA	OPC
TTCGGTCAGCCGCTGT	OPC
TTCGGTCTCAGGTCTA	OPC
TTCGGTCTCCTCCAGT	ASC
TTCGGTCTCTTCGTTA	ASC
TTCGTTAAGCATGTGG	ASC
TTCTAACTCGTCCCAT	OGC
TTCTGTAGTTTGCCAA	OGC
TTGACGAAGCTCCATA	OPC
TTGAGTGAGATTAGAC	OGC
TTGAGTGCATTAACGC	OGC
TTGCAGACACACTAGT	ASC
TTGCCCAAGGGCATTG	ASC
TTGCCCACAGATACAA	ASC
TTGCCCAGTGGTACTT	OPC
TTGCTATAGAAGACTT	OGC
TTGGTCCTCGTGGTAT	ASC
TTGTCTAGTAGCGTTT	ASC
TTGTTCACATTTGGTG	OPC
TTTACGTGTTTAAGGA	ASC
